{"cameraMode":{"drawMode":0,"name":"Shaded","section":"Shading Mode"},"sceneLighting":false,"audioPlay":false,"sceneViewState":{"showFog":true,"showMaterialUpdate":false,"showSkybox":false,"showFlares":true,"showImageEffects":true,"showParticleSystems":true},"in2DMode":false,"pivot":{"x":15.771331787109375,"y":3.0845417976379396,"z":59.27797317504883},"rotation":{"x":-0.005884506739675999,"y":-0.19523395597934724,"z":0.0011714177671819926,"w":-0.9807384014129639},"size":112.79348754882813,"orthographic":false}