{"cameraMode":{"drawMode":0,"name":"Shaded","section":"Shading Mode"},"sceneLighting":false,"audioPlay":false,"sceneViewState":{"showFog":true,"showMaterialUpdate":false,"showSkybox":false,"showFlares":true,"showImageEffects":true,"showParticleSystems":true},"in2DMode":false,"pivot":{"x":4.279140472412109,"y":4.401705741882324,"z":58.35874938964844},"rotation":{"x":0.001499998732469976,"y":-0.001499537960626185,"z":-0.000002154464254999766,"w":-0.9999977946281433},"size":46.904727935791019,"orthographic":true}